id,name,label,homepage,platform,stories_per_week,pub_country,pub_state,county_three_letters,county_full,media_type
5272,stalbansreview.co.uk,St Albans & Harpenden Review | Local Sport,http://www.stalbansreview.co.uk/,online_news,178,GBR,GB-HRT,HRT,Hertfordshire,print_native
5448,leamingtoncourier.co.uk,Leamington Spa Today - Back to Home Page - Showbiz,http://www.leamingtoncourier.co.uk/,online_news,84,GBR,GB-WAR,WAR,Warwickshire,print_native
39292,theargus.co.uk,theargus,http://www.theargus.co.uk/,online_news,677,GBR,GB-BNH,BNH,Brighton,print_native
39787,belfasttelegraph.co.uk,belfasttelegraph,http://www.belfasttelegraph.co.uk/,online_news,16,GBR,GB-BFS,BFS,Belfast,print_native
40296,thevisitor.co.uk,thevisitor,http://www.thevisitor.co.uk/,online_news,259,GBR,GB-LAN,LAN,Lancashire,print_native
130574,eadt.co.uk,eadt.co.uk,http://eadt.co.uk/,online_news,,,,,,
40828,newsletter.co.uk,newsletter,http://www.newsletter.co.uk/,online_news,644,GBR,GB-BFS,BFS,Belfast,print_native
41044,farminglife.com,farminglife,http://www.farminglife.com/,online_news,363,GBR,GB-BFS,BFS,Belfast,print_native
42062,u.tv,u-tv,http://www.u.tv/,online_news,,GBR,GB-BFS,BFS,Belfast,video_broadcast
66993,coventrytelegraph.net,coventrytelegraph.net,http://www.coventrytelegraph.net/#spider,online_news,247,GBR,GB-WAR,WAR,Warwickshire,print_native
78121,lep.co.uk,lep.co.uk,http://www.lep.co.uk/#spider,online_news,237,GBR,GB-LAN,LAN,Lancashire,print_native
82262,oxfordmail.co.uk,oxfordmail.co.uk,http://www.oxfordmail.co.uk/#spider,online_news,188,GBR,GB-OXF,OXF,Oxfordshire,print_native
1846252,birminghammail.co.uk,e.birminghammail.co.uk,http://e.birminghammail.co.uk/,online_news,1050,,,,,
82370,yorkpress.co.uk,yorkpress.co.uk,http://www.yorkpress.co.uk/#spider,online_news,285,GBR,GB-YOR,YOR,Yorkshire,print_native
82484,birminghampost.co.uk,birminghampost.co.uk,http://www.birminghampost.co.uk/#spider,online_news,171,GBR,GB-WAR,WAR,Warwickshire,print_native
88504,salisburyjournal.co.uk,salisburyjournal.co.uk,http://www.salisburyjournal.co.uk/#spider,online_news,136,GBR,GB-WIL,WIL,Wiltshire,print_native
94414,hulldailymail.co.uk,hulldailymail.co.uk,http://www.hulldailymail.co.uk/#spider,online_news,698,GBR,GB-KHL,KHL,Kingston Upon Hull,print_native
110373,harboroughmail.co.uk,harboroughmail.co.uk,http://harboroughmail.co.uk/,online_news,332,GBR,GB-WAR,WAR,Warwickshire,print_native
110647,chroniclelive.co.uk,chroniclelive.co.uk,http://chroniclelive.co.uk/,online_news,588,GBR,GB-NET,NET,ERROR,print_native
118812,kentonline.co.uk,kentonline.co.uk,http://kentonline.co.uk/,online_news,284,GBR,GB-KEN,KEN,Kent,digital_native
121175,expressandstar.com,expressandstar.com,http://expressandstar.com/,online_news,1636,GBR,GB-WAR,WAR,Warwickshire,print_native
122937,blackpoolgazette.co.uk,blackpoolgazette.co.uk,http://blackpoolgazette.co.uk/,online_news,146,GBR,GB-BPL,BPL,Blackpool,print_native
122990,shropshirestar.com,shropshirestar.com,http://shropshirestar.com/,online_news,1642,GBR,GB-SAL,SAL,Shropshire,print_native
123011,lancashiretelegraph.co.uk,lancashiretelegraph.co.uk,http://lancashiretelegraph.co.uk/,online_news,85,GBR,GB-LAN,LAN,Lancashire,print_native
123114,gazettelive.co.uk,gazettelive.co.uk,http://gazettelive.co.uk/,online_news,199,GBR,GB-MDB,MDB,Middlesbrough ,print_native
123160,hemeltoday.co.uk,hemeltoday.co.uk,http://hemeltoday.co.uk/,online_news,345,GBR,GB-HRT,HRT,Hertfordshire,print_native
123206,thenorthernecho.co.uk,thenorthernecho.co.uk,http://thenorthernecho.co.uk/,online_news,394,GBR,GB-DAL,DAL,ERROR,print_native
123263,nottinghampost.com,nottinghampost.com,http://nottinghampost.com/,online_news,438,GBR,GB-NGM,NGM,Nottingham,print_native
123276,portsmouth.co.uk,portsmouth.co.uk,http://portsmouth.co.uk/,online_news,613,GBR,GB-POR,POR,Portsmouth,print_native
123437,peterboroughtoday.co.uk,peterboroughtoday.co.uk,http://peterboroughtoday.co.uk/,online_news,476,GBR,GB-PTE,PTE,ERROR,print_native
201634,gravesendreporter.co.uk,gravesendreporter.co.uk,http://gravesendreporter.co.uk/,online_news,,GBR,GB-KEN,KEN,Kent,print_native
124462,stourbridgenews.co.uk,stourbridgenews.co.uk,http://stourbridgenews.co.uk/,online_news,39,GBR,GB-WAR,WAR,Warwickshire,print_native
594483,inyourarea.co.uk,inyourarea.co.uk,http://inyourarea.co.uk/,online_news,260,,,,ERROR,
527124,devonlive.com,devonlive.com,http://devonlive.com/,online_news,,GBR,GB-TOB,TOB,ERROR,print_native
130841,bucksherald.co.uk,bucksherald.co.uk,http://bucksherald.co.uk/,online_news,99,GBR,GB-BKM,BKM,Buckinghamshire,print_native
133123,buckinghamtoday.co.uk,buckinghamtoday.co.uk,http://buckinghamtoday.co.uk/,online_news,253,GBR,GB-NTH,NTH,Northamptonshire,print_native
138728,cambridge-news.co.uk,cambridge-news.co.uk,http://cambridge-news.co.uk/,online_news,124,GBR,GB-CAM,CAM,Cambridgeshire,print_native
153369,bostonstandard.co.uk,bostonstandard.co.uk,http://bostonstandard.co.uk/,online_news,50,GBR,GB-LIN,LIN,Lincolnshire,print_native
155221,runcornandwidnesweeklynews.co.uk,runcornandwidnesweeklynews.co.uk,http://runcornandwidnesweeklynews.co.uk/,online_news,0,GBR,GB-HAL,HAL,ERROR,print_native
158269,burtonmail.co.uk,burtonmail.co.uk,http://burtonmail.co.uk/,online_news,64,GBR,GB-STS,STS,Staffordshire,print_native
158549,derbytelegraph.co.uk,derbytelegraph.co.uk,http://derbytelegraph.co.uk/,online_news,211,GBR,GB-DER,DER,ERROR,print_native
170821,leicestermercury.co.uk,leicestermercury.co.uk,http://leicestermercury.co.uk/,online_news,302,GBR,GB-LCE,LCE,ERROR,print_native
170844,lynnnews.co.uk,lynnnews.co.uk,http://lynnnews.co.uk/,online_news,21,GBR,GB-NFK,NFK,Norfolk,print_native
173001,plymouthherald.co.uk,plymouthherald.co.uk,http://plymouthherald.co.uk/,online_news,180,GBR,GB-PLY,PLY,ERROR,print_native
173042,wiltsglosstandard.co.uk,wiltsglosstandard.co.uk,http://wiltsglosstandard.co.uk/,online_news,61,GBR,GB-GLS,GLS,Gloucestershire,print_native
173218,countytimes.co.uk,countytimes.co.uk,http://countytimes.co.uk/,online_news,122,GBR,GB-POW,POW,Powys,print_native
173327,henleystandard.co.uk,henleystandard.co.uk,http://henleystandard.co.uk/,online_news,81,GBR,GB-OXF,OXF,Oxfordshire,print_native
173411,orcadian.co.uk,orcadian.co.uk,http://orcadian.co.uk/,online_news,14,GBR,GB-ORK,ORK,ERROR,print_native
173647,dailyecho.co.uk,dailyecho.co.uk,http://dailyecho.co.uk/,online_news,203,GBR,GB-STH,STH,ERROR,print_native
173919,burnleyexpress.net,burnleyexpress.net,http://burnleyexpress.net/,online_news,118,GBR,GB-LAN,LAN,Lancashire,print_native
176130,nwemail.co.uk,nwemail.co.uk,http://nwemail.co.uk/,online_news,,GBR,GB-CMA,CMA,Cumbria,print_native
179081,worcesternews.co.uk,worcesternews.co.uk,http://worcesternews.co.uk/,online_news,269,GBR,GB-WOR,WOR,Worcestershire,print_native
181882,bournemouthecho.co.uk,bournemouthecho.co.uk,http://bournemouthecho.co.uk/,online_news,23,GBR,GB-DOR,DOR,Dorset,print_native
541009,suffolkfreepress.co.uk,suffolkfreepress.co.uk,http://suffolkfreepress.co.uk/,online_news,191,GBR,GB-SFK,SFK,Suffolk,print_native
191988,echo-news.co.uk,echo-news.co.uk,http://echo-news.co.uk/,online_news,280,GBR,GB-ESS,ESS,Essex,print_native
264383,getsurrey.co.uk,getsurrey.co.uk,http://getsurrey.co.uk/,online_news,82,GBR,GB-SRY,SRY,Surrey,digital_native
193116,miltonkeynes.co.uk,miltonkeynes.co.uk,http://miltonkeynes.co.uk/,online_news,385,GBR,GB-MIK,BKM,Buckinghamshire,print_native
193724,wiltshiretimes.co.uk,wiltshiretimes.co.uk,http://wiltshiretimes.co.uk/,online_news,133,GBR,GB-WIL,WIL,Wiltshire,print_native
197208,kidderminstershuttle.co.uk,kidderminstershuttle.co.uk,http://kidderminstershuttle.co.uk/,online_news,64,GBR,GB-WOR,WOR,Worcestershire,print_native
197624,bedfordtoday.co.uk,bedfordtoday.co.uk,http://bedfordtoday.co.uk/,online_news,350,GBR,GB-BDF,BDF,Bedfordshire,print_native
201742,thisislancashire.co.uk,thisislancashire.co.uk,http://thisislancashire.co.uk/,online_news,60,GBR,GB-LAN,LAN,Lancashire,digital_native
449090,kentlive.news,kentlive.news,http://kentlive.news/,online_news,84,,,,,
204659,fenlandcitizen.co.uk,fenlandcitizen.co.uk,http://fenlandcitizen.co.uk/,online_news,1,GBR,GB-CAM,CAM,Cambridgeshire,print_native
206671,northdevonjournal.co.uk,northdevonjournal.co.uk,http://northdevonjournal.co.uk/,online_news,284,GBR,GB-DEV,DEV,Devon,print_native
207765,whfp.com,whfp.com,http://whfp.com/,online_news,2,GBR,GB-HLD,HLD,Highland,print_native
658584,hertfordshiremercury.co.uk,Hertfordshire Mercury,http://www.hertfordshiremercury.co.uk/,online_news,52,GBR,GB-HRT,HRT,Hertfordshire,print_native
213711,timesandstar.co.uk,timesandstar.co.uk,http://timesandstar.co.uk/,online_news,,GBR,GB-CMA,CMA,Cumbria,print_native
222255,dorsetecho.co.uk,dorsetecho.co.uk,http://dorsetecho.co.uk/,online_news,188,GBR,GB-DOR,DOR,Dorset,print_native
226991,crewechronicle.co.uk,crewechronicle.co.uk,http://crewechronicle.co.uk/,online_news,1,GBR,GB-CHE,CHE,ERROR,print_native
232688,midsussextimes.co.uk,midsussextimes.co.uk,http://midsussextimes.co.uk/,online_news,13,GBR,GB-WSX,WSX,ERROR,print_native
235419,courier.co.uk,courier.co.uk,http://courier.co.uk/,online_news,,GBR,GB-KEN,KEN,Kent,print_native
235444,swindonadvertiser.co.uk,swindonadvertiser.co.uk,http://swindonadvertiser.co.uk/,online_news,206,GBR,GB-SWD,SWD,ERROR,print_native
238284,ryeandbattleobserver.co.uk,ryeandbattleobserver.co.uk,http://ryeandbattleobserver.co.uk/,online_news,41,GBR,GB-ESX,ESX,ERROR,print_native
241226,bridgwatermercury.co.uk,bridgwatermercury.co.uk,http://bridgwatermercury.co.uk/,online_news,47,GBR,GB-SOM,SOM,Somerset,print_native
241873,watfordobserver.co.uk,watfordobserver.co.uk,http://watfordobserver.co.uk/,online_news,20,GBR,GB-HRT,HRT,Hertfordshire,print_native
244151,gloucestershireecho.co.uk,gloucestershireecho.co.uk,http://gloucestershireecho.co.uk/,online_news,172,GBR,GB-GLS,GLS,Gloucestershire,print_native
247784,northamptonchron.co.uk,northamptonchron.co.uk,http://northamptonchron.co.uk/,online_news,514,GBR,GB-NTH,NTH,Northamptonshire,print_native
574132,cornwalllive.com,cornwalllive.com,http://cornwalllive.com/,online_news,145,GBR,GB-CON,CON,Cornwall,print_native
254504,newsandstar.co.uk,newsandstar.co.uk,http://newsandstar.co.uk/,online_news,,GBR,GB-CMA,CMA,Cumbria,print_native
257382,hastingsobserver.co.uk,hastingsobserver.co.uk,http://hastingsobserver.co.uk/,online_news,133,GBR,GB-ESX,ESX,ERROR,print_native
259035,lincolnshireecho.co.uk,lincolnshireecho.co.uk,http://lincolnshireecho.co.uk/,online_news,78,GBR,GB-LIN,LIN,Lincolnshire,print_native
259123,somersetcountygazette.co.uk,somersetcountygazette.co.uk,http://somersetcountygazette.co.uk/,online_news,119,GBR,GB-SOM,SOM,Somerset,print_native
259217,granthamjournal.co.uk,granthamjournal.co.uk,http://granthamjournal.co.uk/,online_news,52,GBR,GB-LIN,LIN,Lincolnshire,print_native
259294,thewestmorlandgazette.co.uk,thewestmorlandgazette.co.uk,http://thewestmorlandgazette.co.uk/,online_news,178,GBR,GB-CMA,CMA,Cumbria,print_native
260248,gazette-news.co.uk,gazette-news.co.uk,http://gazette-news.co.uk/,online_news,263,GBR,GB-ESS,ESS,Essex,digital_native
260667,wscountytimes.co.uk,wscountytimes.co.uk,http://wscountytimes.co.uk/,online_news,1,GBR,GB-WSX,WSX,ERROR,print_native
261037,spaldingtoday.co.uk,spaldingtoday.co.uk,http://spaldingtoday.co.uk/,online_news,30,GBR,GB-LIN,LIN,Lincolnshire,print_native
261260,runcornandwidnesworld.co.uk,runcornandwidnesworld.co.uk,http://runcornandwidnesworld.co.uk/,online_news,34,GBR,GB-HAL,HAL,ERROR,print_native
264166,harrogateadvertiser.co.uk,harrogateadvertiser.co.uk,http://harrogateadvertiser.co.uk/,online_news,132,GBR,GB-NYK,NYK,North Yorkshire,print_native
265688,motherwelltimes.co.uk,motherwelltimes.co.uk,http://motherwelltimes.co.uk/,online_news,115,GBR,GB-NLK,NLK,ERROR,print_native
267603,grimsbytelegraph.co.uk,grimsbytelegraph.co.uk,http://grimsbytelegraph.co.uk/,online_news,97,GBR,GB-NEL,NEL,ERROR,print_native
287946,shetlandtimes.co.uk,shetlandtimes.co.uk,http://shetlandtimes.co.uk/,online_news,25,GBR,GB-ZET,ZET,ERROR,print_native
292130,chorley-guardian.co.uk,chorley-guardian.co.uk,http://chorley-guardian.co.uk/,online_news,104,GBR,GB-LAN,LAN,Lancashire,print_native
294591,irishnews.com,irishnews.com,http://irishnews.com/,online_news,,GBR,GB-BFS,BFS,Belfast,print_native
300240,insider.co.uk,insider.co.uk,https://www.insider.co.uk/,online_news,67,GBR,GB-SCT,SCT,Scotland,print_native
300518,scotsindependent.org,The Flag in the Wind â€“ A weekly online newspaper bringing you information on the political scene in Scotland: part of the monthl,http://www.scotsindependent.org/,online_news,2,GBR,GB-SCT,SCT,Scotland,print_native
300519,scotsmagazine.com,The Scots Magazine,http://www.scotsmagazine.com/,online_news,3,GBR,GB-SCT,SCT,Scotland,print_native
300600,ulsterbusiness.com,Ulster Business Magazine,http://www.ulsterbusiness.com/,online_news,9,GBR,GB-NIR,NIR,Northern Ireland,print_native
309286,thurrockgazette.co.uk,thurrockgazette.co.uk,http://thurrockgazette.co.uk/,online_news,69,GBR,GB-THR,THR,ERROR,print_native
312350,bucksfreepress.co.uk,bucksfreepress.co.uk,http://bucksfreepress.co.uk/,online_news,119,GBR,GB-BKM,BKM,Buckinghamshire,print_native
322424,malverngazette.co.uk,malverngazette.co.uk,http://malverngazette.co.uk/,online_news,144,GBR,GB-WOR,WOR,Worcestershire,print_native
341142,newarkadvertiser.co.uk,newarkadvertiser.co.uk,http://newarkadvertiser.co.uk/,online_news,90,GBR,GB-NTT,NTT,Nottinghamshire,print_native
344222,fraserburghherald.co.uk,fraserburghherald.co.uk,http://fraserburghherald.co.uk/,online_news,,GBR,GB-ABD,ABD,Aberdeenshire,print_native
346873,leamingtonobserver.co.uk,leamingtonobserver.co.uk,http://leamingtonobserver.co.uk/,online_news,79,GBR,GB-WAR,WAR,Warwickshire,print_native
349017,hartlepoolmail.co.uk,hartlepoolmail.co.uk,http://hartlepoolmail.co.uk/,online_news,405,GBR,GB-HPL,DUR,Co. Durham,print_native
351844,dunfermlinepress.com,dunfermlinepress.com,http://dunfermlinepress.com/,online_news,104,GBR,GB-FIF,FIF,Fife,print_native
386324,buchanobserver.co.uk,buchanobserver.co.uk,http://buchanobserver.co.uk/,online_news,,GBR,GB-ABD,ABD,Aberdeenshire,print_native
389826,buxtonadvertiser.co.uk,buxtonadvertiser.co.uk,http://buxtonadvertiser.co.uk/,online_news,356,GBR,GB-DBY,DBY,Derbyshire,print_native
413895,thejournal.co.uk,thejournal.co.uk,http://thejournal.co.uk/,online_news,,GBR,GB-NET,NET,ERROR,print_native
418980,somersetlive.co.uk,somersetlive.co.uk,http://somersetlive.co.uk/,online_news,150,GBR,GB-SOM,SOM,Somerset,print_native
419867,stroudnewsandjournal.co.uk,stroudnewsandjournal.co.uk,http://stroudnewsandjournal.co.uk/,online_news,61,GBR,GB-GLS,GLS,Gloucestershire,print_native
420350,hucknalldispatch.co.uk,hucknalldispatch.co.uk,http://hucknalldispatch.co.uk/,online_news,370,GBR,GB-NTT,NTT,Nottinghamshire,print_native
421220,obantimes.co.uk,obantimes.co.uk,http://obantimes.co.uk/,online_news,109,GBR,GB-HLD,HLD,Highland,print_native
423446,chesterchronicle.co.uk,chesterchronicle.co.uk,http://chesterchronicle.co.uk/,online_news,81,GBR,GB-CHW,CHS,Cheshire,print_native
423685,ileach.co.uk,ileach.co.uk,http://ileach.co.uk/,online_news,,GBR,GB-AGB,AGB,ERROR,print_native
444025,kirkintilloch-herald.co.uk,kirkintilloch-herald.co.uk,http://kirkintilloch-herald.co.uk/,online_news,157,GBR,GB-LKS,LKS,Lanarkshire,print_native
447171,eastbourneherald.co.uk,eastbourneherald.co.uk,http://eastbourneherald.co.uk/,online_news,62,GBR,GB-ESX,SSX,Sussex,print_native
448067,greenocktelegraph.co.uk,greenocktelegraph.co.uk,http://greenocktelegraph.co.uk/,online_news,204,GBR,GB-IVC,RFW,Renfrewshire,print_native
448380,milngavieherald.co.uk,milngavieherald.co.uk,http://milngavieherald.co.uk/,online_news,121,GBR,GB-LKS,LKS,Lanarkshire,print_native
449719,carricktoday.co.uk,carricktoday.co.uk,http://carricktoday.co.uk/,online_news,,GBR,GB-SAY,SAY,ERROR,print_native
450328,lutontoday.co.uk,lutontoday.co.uk,http://lutontoday.co.uk/,online_news,136,GBR,GB-LUT,LUT,ERROR,print_native
450958,thescarboroughnews.co.uk,thescarboroughnews.co.uk,http://thescarboroughnews.co.uk/,online_news,102,GBR,GB-NYK,NYK,North Yorkshire,print_native
455783,clydebankpost.co.uk,clydebankpost.co.uk,http://clydebankpost.co.uk/,online_news,50,GBR,GB-WDU,WDU,ERROR,print_native
456611,ilkestonadvertiser.co.uk,ilkestonadvertiser.co.uk,http://ilkestonadvertiser.co.uk/,online_news,145,GBR,GB-DBY,DBY,Derbyshire,print_native
457697,meltontimes.co.uk,meltontimes.co.uk,http://meltontimes.co.uk/,online_news,329,GBR,GB-LEC,LEC,ERROR,print_native
457910,northantstelegraph.co.uk,northantstelegraph.co.uk,http://northantstelegraph.co.uk/,online_news,456,GBR,GB-NTH,NTH,Northamptonshire,print_native
462284,worthingherald.co.uk,worthingherald.co.uk,http://worthingherald.co.uk/,online_news,97,GBR,GB-WSX,WSX,ERROR,print_native
467812,iwcp.co.uk,Isle of Wight County Press,http://iwcp.co.uk/,online_news,,GBR,GB-IOW,IOW,Isle of Wight,print_native
472522,stratford-herald.com,stratford-herald.com,http://stratford-herald.com/,online_news,29,GBR,GB-WAR,WAR,Warwickshire,print_native
496206,sussexexpress.co.uk,sussexexpress.co.uk,http://sussexexpress.co.uk/,online_news,56,GBR,GB-ESX,SXE,East Sussex,print_native
496528,whitbygazette.co.uk,whitbygazette.co.uk,http://whitbygazette.co.uk/,online_news,246,GBR,GB-NYK,NYK,North Yorkshire,print_native
496740,carlukegazette.co.uk,carlukegazette.co.uk,http://carlukegazette.co.uk/,online_news,46,GBR,GB-SLK,SLK,ERROR,print_native
503303,littlehamptongazette.co.uk,littlehamptongazette.co.uk,http://littlehamptongazette.co.uk/,online_news,179,GBR,GB-WSX,SSX,Sussex,print_native
504814,derbyshiretimes.co.uk,derbyshiretimes.co.uk,http://derbyshiretimes.co.uk/,online_news,91,GBR,GB-DBY,DBY,Derbyshire,print_native
510091,basingstokeobserver.co.uk,basingstokeobserver.co.uk,http://basingstokeobserver.co.uk/,online_news,0,GBR,GB-HAM,HAM,Hampshire,print_native
510126,thelancasterandmorecambecitizen.co.uk,thelancasterandmorecambecitizen.co.uk,http://thelancasterandmorecambecitizen.co.uk/,online_news,72,GBR,GB-LAN,LAN,Lancashire,print_native
511022,cornish-times.co.uk,cornish-times.co.uk,http://cornish-times.co.uk/,online_news,106,GBR,GB-CON,CON,Cornwall,print_native
511501,wsfp.co.uk,wsfp.co.uk,http://wsfp.co.uk/,online_news,64,GBR,GB-SOM,SOM,Somerset,print_native
511794,biggleswadetoday.co.uk,biggleswadetoday.co.uk,http://biggleswadetoday.co.uk/,online_news,328,GBR,GB-CBF,CBF,ERROR,print_native
511939,chorleycitizen.co.uk,chorleycitizen.co.uk,http://chorleycitizen.co.uk/,online_news,154,GBR,GB-LAN,LAN,Lancashire,print_native
511982,bognor.co.uk,bognor.co.uk,http://bognor.co.uk/,online_news,16,GBR,GB-WSX,WSX,ERROR,print_native
512774,northdevongazette.co.uk,northdevongazette.co.uk,http://northdevongazette.co.uk/,online_news,39,GBR,GB-DEV,DEV,Devon,print_native
513931,banburyguardian.co.uk,banburyguardian.co.uk,http://banburyguardian.co.uk/,online_news,349,GBR,GB-OXF,OXF,Oxfordshire,print_native
514185,basingstokegazette.co.uk,basingstokegazette.co.uk,http://basingstokegazette.co.uk/,online_news,144,GBR,GB-HAM,HAM,Hampshire,print_native
526940,marketrasenmail.co.uk,marketrasenmail.co.uk,http://marketrasenmail.co.uk/,online_news,64,GBR,GB-LIN,LIN,Lincolnshire,print_native
531551,matlockmercury.co.uk,matlockmercury.co.uk,http://matlockmercury.co.uk/,online_news,40,GBR,GB-DBY,DBY,Derbyshire,print_native
537315,gazetteseries.co.uk,gazetteseries.co.uk,http://gazetteseries.co.uk/,online_news,64,GBR,GB-GLS,GLS,Gloucestershire,print_native
537361,burnhamandhighbridgeweeklynews.co.uk,burnhamandhighbridgeweeklynews.co.uk,http://burnhamandhighbridgeweeklynews.co.uk/,online_news,23,GBR,GB-SOM,SOM,Somerset,print_native
537413,helensburghadvertiser.co.uk,helensburghadvertiser.co.uk,http://helensburghadvertiser.co.uk/,online_news,62,GBR,GB-AGB,AGB,ERROR,print_native
537465,dudleynews.co.uk,dudleynews.co.uk,http://dudleynews.co.uk/,online_news,46,GBR,GB-WAR,WAR,Warwickshire,print_native
537466,ledburyreporter.co.uk,ledburyreporter.co.uk,http://ledburyreporter.co.uk/,online_news,97,GBR,GB-HEF,HEF,Herefordshire,print_native
537489,campbeltowncourier.co.uk,campbeltowncourier.co.uk,http://campbeltowncourier.co.uk/,online_news,40,GBR,GB-AGB,AGB,ERROR,print_native
537831,stamfordmercury.co.uk,stamfordmercury.co.uk,http://stamfordmercury.co.uk/,online_news,29,GBR,GB-RUT,RUT,Rutland,print_native
537846,eastlothiancourier.com,eastlothiancourier.com,http://eastlothiancourier.com/,online_news,106,GBR,GB-ELN,ELN,East Lothian,print_native
537888,largsandmillportnews.com,largsandmillportnews.com,http://largsandmillportnews.com/,online_news,121,GBR,GB-NAY,NAY,ERROR,print_native
537929,banburycake.co.uk,banburycake.co.uk,http://banburycake.co.uk/,online_news,135,GBR,GB-OXF,OXF,Oxfordshire,print_native
537937,warringtonguardian.co.uk,warringtonguardian.co.uk,http://warringtonguardian.co.uk/,online_news,150,GBR,GB-WRT,CHS,Cheshire,print_native
537938,borehamwoodtimes.co.uk,borehamwoodtimes.co.uk,http://borehamwoodtimes.co.uk/,online_news,15,GBR,GB-HRT,ESX,ERROR,print_native
537961,bexhillobserver.net,bexhillobserver.net,http://bexhillobserver.net/,online_news,111,GBR,GB-ESX,SXE,East Sussex,print_native
537975,sidmouthherald.co.uk,sidmouthherald.co.uk,http://sidmouthherald.co.uk/,online_news,,GBR,GB-DEV,DEV,Devon,print_native
537998,northwaleschronicle.co.uk,northwaleschronicle.co.uk,http://northwaleschronicle.co.uk/,online_news,,GBR,GB-GWN,GWN,Gwynedd,print_native
538018,heraldseries.co.uk,heraldseries.co.uk,http://heraldseries.co.uk/,online_news,157,GBR,GB-OXF,OXF,Oxfordshire,digital_native
538029,bridlingtonfreepress.co.uk,bridlingtonfreepress.co.uk,http://bridlingtonfreepress.co.uk/,online_news,101,GBR,GB-ERY,ERY,East Riding of Yorkshire,print_native
538038,kingsbridge-today.co.uk,kingsbridge-today.co.uk,http://kingsbridge-today.co.uk/,online_news,79,GBR,GB-DEV,DEV,Devon,print_native
538045,lancasterguardian.co.uk,lancasterguardian.co.uk,http://lancasterguardian.co.uk/,online_news,165,GBR,GB-LAN,LAN,Lancashire,print_native
538511,barrheadnews.com,barrheadnews.com,http://barrheadnews.com/,online_news,88,GBR,GB-ERW,ERW,ERROR,print_native
540365,greatyarmouthmercury.co.uk,greatyarmouthmercury.co.uk,http://greatyarmouthmercury.co.uk/,online_news,,GBR,GB-NFK,NFK,Norfolk,print_native
540374,hampshirechronicle.co.uk,hampshirechronicle.co.uk,http://hampshirechronicle.co.uk/,online_news,187,GBR,GB-HAM,HAM,Hampshire,print_native
541212,northumberlandgazette.co.uk,northumberlandgazette.co.uk,http://northumberlandgazette.co.uk/,online_news,184,GBR,GB-NBL,NBL,Northumberland,print_native
541326,dissexpress.co.uk,dissexpress.co.uk,http://dissexpress.co.uk/,online_news,7,GBR,GB-NFK,NFK,Norfolk,print_native
542104,shorehamherald.co.uk,shorehamherald.co.uk,http://shorehamherald.co.uk/,online_news,4,GBR,GB-WSX,WSX,ERROR,print_native
544190,skegnessstandard.co.uk,skegnessstandard.co.uk,http://skegnessstandard.co.uk/,online_news,79,GBR,GB-LIN,LIN,Lincolnshire,print_native
547831,leightonbuzzardonline.co.uk,leightonbuzzardonline.co.uk,http://leightonbuzzardonline.co.uk/,online_news,333,GBR,GB-CBF,CBF,ERROR,print_native
549215,thewestonmercury.co.uk,thewestonmercury.co.uk,http://thewestonmercury.co.uk/,online_news,,GBR,GB-NSM,NSM,ERROR,print_native
557317,chichester.co.uk,chichester.co.uk,http://chichester.co.uk/,online_news,110,GBR,GB-WSX,SXW,West Sussex,print_native
563754,sleafordstandard.co.uk,sleafordstandard.co.uk,http://sleafordstandard.co.uk/,online_news,115,GBR,GB-LIN,LIN,Lincolnshire,print_native
564877,andoveradvertiser.co.uk,andoveradvertiser.co.uk,http://andoveradvertiser.co.uk/,online_news,103,GBR,GB-HAM,HAM,Hampshire,print_native
567186,centralfifetimes.com,centralfifetimes.com,http://centralfifetimes.com/,online_news,29,GBR,GB-FIF,FIF,Fife,print_native
570494,ellontimes.co.uk,ellontimes.co.uk,http://ellontimes.co.uk/,online_news,,GBR,GB-ABD,ABD,Aberdeenshire,print_native
572050,falkirkherald.co.uk,falkirkherald.co.uk,http://falkirkherald.co.uk/,online_news,163,GBR,GB-FAL,FAL,ERROR,print_native
576408,warwickcourier.co.uk,warwickcourier.co.uk,http://warwickcourier.co.uk/,online_news,171,GBR,GB-WAR,WAR,Warwickshire,print_native
578264,essexlive.news,essexlive.news,http://essexlive.news/,online_news,95,GBR,GB-ESS,ESS,Essex,print_native
578438,chad.co.uk,chad.co.uk,http://chad.co.uk/,online_news,202,GBR,GB-NTT,NTT,Nottinghamshire,print_native
581631,redditchstandard.co.uk,redditchstandard.co.uk,http://redditchstandard.co.uk/,online_news,0,GBR,GB-WOR,WOR,Worcestershire,print_native
583396,midlothianadvertiser.co.uk,midlothianadvertiser.co.uk,http://midlothianadvertiser.co.uk/,online_news,421,GBR,GB-MLN,MLN,Midlothian,print_native
583726,epsomguardian.co.uk,epsomguardian.co.uk,http://epsomguardian.co.uk/,online_news,55,GBR,GB-SRY,SRY,Surrey,print_native
585383,redditchadvertiser.co.uk,redditchadvertiser.co.uk,http://redditchadvertiser.co.uk/,online_news,42,GBR,GB-WOR,WOR,Worcestershire,print_native
586334,wokingnewsandmail.co.uk,wokingnewsandmail.co.uk,http://wokingnewsandmail.co.uk/,online_news,,GBR,GB-SRY,SRY,Surrey,print_native
594768,eveshamjournal.co.uk,eveshamjournal.co.uk,http://eveshamjournal.co.uk/,online_news,119,GBR,GB-WOR,WOR,Worcestershire,print_native
603946,worksopguardian.co.uk,worksopguardian.co.uk,http://worksopguardian.co.uk/,online_news,386,GBR,GB-NTT,NTT,Nottinghamshire,print_native
604645,bromsgroveadvertiser.co.uk,bromsgroveadvertiser.co.uk,http://bromsgroveadvertiser.co.uk/,online_news,48,GBR,GB-WOR,WOR,Worcestershire,print_native
606795,gallowaygazette.co.uk,gallowaygazette.co.uk,http://gallowaygazette.co.uk/,online_news,6,GBR,GB-DGY,DGY,Dumfries and Galloway,print_native
610484,exmouthjournal.co.uk,exmouthjournal.co.uk,http://exmouthjournal.co.uk/,online_news,,GBR,GB-DEV,DEV,Devon,print_native
18897,bbc.co.uk,bbc.co.uk,http://www.bbc.co.uk,online_news,2347,,,,,
645970,pendletoday.co.uk,pendletoday.co.uk,http://pendletoday.co.uk/,online_news,167,GBR,GB-LAN,LAN,Lancashire,digital_native
646115,fifetoday.co.uk,fifetoday.co.uk,http://fifetoday.co.uk/,online_news,576,GBR,GB-FIF,FIF,Fife,digital_native
649878,eastwoodadvertiser.co.uk,Eastwood & Kimberley Advertiser,http://www.eastwoodadvertiser.co.uk/,online_news,253,GBR,GB-NTT,NTT,Nottinghamshire,print_native
649880,cwherald.com,Cumberland & Westmorland Heral,http://www.cwherald.com/,online_news,31,GBR,GB-CMA,CMA,Cumbria,print_native
649882,longridgenews.co.uk,Longridge & Ribble Valley News and Advertiser,http://www.longridgenews.co.uk/,online_news,,GBR,GB-LAN,LAN,Lancashire,print_native
445155,champnews.com,champnews.com,http://champnews.com/,online_news,,GBR,,,,digital_native
649884,dng24.co.uk,DnG24 Media,http://www.dng24.co.uk/,online_news,27,GBR,GB-DGY,DGY,Dumfries and Galloway,print_native
251903,johnogroat-journal.co.uk,johnogroat-journal.co.uk,http://johnogroat-journal.co.uk/,online_news,91,,,,,
649887,dumbartonreporter.co.uk,Dumbarton and Vale of Leven Reporter,http://www.dumbartonreporter.co.uk/,online_news,42,GBR,GB-WDU,WDU,ERROR,print_native
649888,dartmouth-today.co.uk,Dartmouth Chronicle,http://www.dartmouth-today.co.uk/,online_news,77,GBR,GB-DEV,DEV,Devon,print_native
649889,ivybridge-today.co.uk,Ivybridge & South Brent Gazette,http://www.ivybridge-today.co.uk/,online_news,64,GBR,GB-DEV,DEV,Devon,print_native
649890,ludlowadvertiser.co.uk,"Ludlow & Tenbury Wells News, Sport, Leisure, Homes, Jobs and Cars Ludlow & Tenbury Wells Advertiser",http://www.ludlowadvertiser.co.uk/,online_news,34,GBR,GB-SHR,SHR,ERROR,print_native
649891,bordercountiesadvertizer.co.uk,http://www.bordercountiesadvertizer.co.uk/,http://www.bordercountiesadvertizer.co.uk/,online_news,,GBR,GB-SHR,SHR,ERROR,print_native
73512,dailyrecord.co.uk,dailyrecord.co.uk,http://www.dailyrecord.co.uk/#spider,online_news,1425,GBR,,,,print_native
135838,getbucks.co.uk,getbucks.co.uk,http://getbucks.co.uk/,online_news,28,,,,,
655049,the-gazette.co.uk,Gazette - United Kingdom - Renfrewshire,http://www.the-gazette.co.uk/,online_news,,GBR,GB-RFW,RFW,Renfrewshire,print_native
655818,bournelocal.co.uk,Local - United Kingdom,http://www.bournelocal.co.uk/,online_news,,GBR,GB-LIN,LIN,Lincolnshire,print_native
658566,belpernews.co.uk,Belper News,http://www.belpernews.co.uk/,online_news,116,GBR,GB-DBY,DBY,Derbyshire,print_native
658567,ripleyandheanornews.co.uk,Ripley and Heanor News,http://www.ripleyandheanornews.co.uk/,online_news,113,GBR,GB-DBY,DBY,Derbyshire,print_native
658568,gainsboroughstandard.co.uk,Gainsborough Standard,http://www.gainsboroughstandard.co.uk/,online_news,93,GBR,GB-LIN,LIN,Lincolnshire,print_native
658569,horncastlenews.co.uk,Horncastle News,http://www.horncastlenews.co.uk/,online_news,65,GBR,GB-LIN,LIN,Lincolnshire,print_native
658570,louthleader.co.uk,Louth Leader,http://www.louthleader.co.uk/,online_news,1,GBR,GB-LIN,LIN,Lincolnshire,print_native
658571,daventryexpress.co.uk,Daventry Express,http://www.daventryexpress.co.uk/,online_news,350,GBR,GB-NTH,NTH,Northamptonshire,print_native
658573,retfordtoday.co.uk,Retford Guardian,http://www.retfordtoday.co.uk/,online_news,,GBR,GB-NTT,NTT,Nottinghamshire,print_native
658574,rutland-times.co.uk,Rutland Times,http://www.rutland-times.co.uk/,online_news,,GBR,GB-RUT,RUT,Rutland,print_native
204863,elystandard.co.uk,elystandard.co.uk,http://elystandard.co.uk/,online_news,,,,,,
415223,huntspost.co.uk,huntspost.co.uk,http://huntspost.co.uk/,online_news,,,,,,
205011,cambstimes.co.uk,cambstimes.co.uk,http://cambstimes.co.uk/,online_news,,,,,,
204682,wisbechstandard.co.uk,wisbechstandard.co.uk,http://wisbechstandard.co.uk/,online_news,,,,,,
658579,dunstabletoday.co.uk,Dunstable Gazette,http://www.dunstabletoday.co.uk/,online_news,261,GBR,GB-CBF,CBF,ERROR,print_native
258089,dunmowbroadcast.co.uk,dunmowbroadcast.co.uk,http://dunmowbroadcast.co.uk/,online_news,,,,,,
658582,harlowstar.co.uk,Harlow Star,http://www.harlowstar.co.uk/,online_news,58,GBR,GB-ESS,ESS,Essex,print_native
541926,saffronwaldenreporter.co.uk,saffronwaldenreporter.co.uk,http://saffronwaldenreporter.co.uk/,online_news,,,,,,
1435047,royston-crow.co.uk,royston-crow.co.uk,http://royston-crow.co.uk/,online_news,,,,,,
582787,hertsad.co.uk,hertsad.co.uk,http://hertsad.co.uk/,online_news,,,,,,
460586,thecomet.net,thecomet.net,http://thecomet.net/,online_news,,,,,,
396923,whtimes.co.uk,whtimes.co.uk,http://whtimes.co.uk/,online_news,,,,,,
155809,edp24.co.uk,edp24.co.uk,http://edp24.co.uk/,online_news,,,,,,
131907,eveningnews24.co.uk,eveningnews24.co.uk,http://eveningnews24.co.uk/,online_news,,,,,,
415150,ipswichstar.co.uk,ipswichstar.co.uk,http://ipswichstar.co.uk/,online_news,,,,,,
658616,darlingtonandstocktontimes.co.uk,Darlington and Stockton Times,http://www.darlingtonandstocktontimes.co.uk/,online_news,114,GBR,GB-DAL,DAL,,print_native
658620,berwick-advertiser.co.uk,Berwick Advertiser,http://www.berwick-advertiser.co.uk/,online_news,109,GBR,GB-NBL,NBL,Northumberland,print_native
658621,berwickshirenews.co.uk,Berwickshire News,http://www.berwickshirenews.co.uk/,online_news,,GBR,GB-NBL,NBL,Northumberland,print_native
658622,newspostleader.co.uk,News Post Leader,http://www.newspostleader.co.uk/,online_news,85,GBR,GB-NBL,NBL,Northumberland,print_native
658623,hexhamcourant.co.uk,Hexham Courant,http://www.hexhamcourant.co.uk/,online_news,,GBR,GB-NBL,NBL,Northumberland,print_native
658624,morpethherald.co.uk,Morpeth Herald,http://www.morpethherald.co.uk/,online_news,9,GBR,GB-NBL,NBL,Northumberland,print_native
658628,winsfordguardian.co.uk,Winsford Guardian,http://www.winsfordguardian.co.uk/,online_news,45,GBR,GB-CHW,CHS,Cheshire,print_native
658626,knutsfordguardian.co.uk,Knutsford Guardian,http://www.knutsfordguardian.co.uk/,online_news,45,GBR,GB-CHE,CHS,Cheshire,print_native
658627,northwichguardian.co.uk,Northwich Guardian,http://www.northwichguardian.co.uk/,online_news,28,GBR,GB-CHW,CHS,Cheshire,print_native
658630,cumbrialife.co.uk,Cumbria Life,http://www.cumbrialife.co.uk/,online_news,,GBR,GB-CMA,CMA,Cumbria,print_native
658631,whitehavennews.co.uk,Whitehaven News,http://www.whitehavennews.co.uk/,online_news,,GBR,GB-CMA,CMA,Cumbria,print_native
658636,accringtonobserver.co.uk,Accrington Observer,http://www.accringtonobserver.co.uk/,online_news,470,GBR,GB-LAN,LAN,Lancashire,print_native
658637,clitheroeadvertiser.co.uk,Clitheroe Advertiser and Times,http://www.clitheroeadvertiser.co.uk/,online_news,125,GBR,GB-LAN,LAN,Lancashire,print_native
658638,fleetwoodtoday.co.uk,Fleetwood Weekly News,http://www.fleetwoodtoday.co.uk/,online_news,172,GBR,GB-LAN,LAN,Lancashire,print_native
658639,garstangcourier.co.uk,Garstang Courier,http://www.garstangcourier.co.uk/,online_news,164,GBR,GB-LAN,LAN,Lancashire,print_native
658640,leylandguardian.co.uk,Leyland Guardian,http://www.leylandguardian.co.uk/,online_news,,GBR,GB-LAN,LAN,Lancashire,print_native
658641,lythamstannesexpress.co.uk,Lytham St. Annes Express,http://www.lythamstannesexpress.co.uk/,online_news,154,GBR,GB-LAN,LAN,Lancashire,print_native
732542,belfastmediagroup.com,belfastmediagroup.com,http://belfastmediagroup.com/,online_news,76,,,,,
658673,ballatercommunity.com,Ballater Eagle,http://www.ballatercommunity.com/?Ballater_Eagle,online_news,,GBR,GB-ABD,ABD,Aberdeenshire,print_native
658674,deesidepiper.co.uk,Deeside Piper and Herald,http://www.deesidepiper.co.uk/,online_news,,GBR,GB-ABD,ABD,Aberdeenshire,print_native
658675,banffshire-journal.co.uk,Banffshire Journal,http://www.banffshire-journal.co.uk/Home/,online_news,131,GBR,GB-ABD,ABD,Aberdeenshire,print_native
658676,inverurieherald.co.uk,Inverurie Herald,http://www.inverurieherald.co.uk/,online_news,,GBR,GB-ABD,ABD,Aberdeenshire,print_native
658677,kincardineshireobserver.co.uk,Kincardineshire Observer,http://www.kincardineshireobserver.co.uk/,online_news,,GBR,GB-ABD,ABD,Aberdeenshire,print_native
658679,mearnsleader.co.uk,Mearns Leader,http://www.mearnsleader.co.uk/,online_news,,GBR,GB-ABD,ABD,Aberdeenshire,print_native
658680,donsidepiper.co.uk,Donside Piper and Herald,http://www.donsidepiper.co.uk/,online_news,,GBR,GB-ABD,ABD,Aberdeenshire,print_native
658687,dunoon-observer.com,Dunoon Observer,http://www.dunoon-observer.com/,online_news,4,GBR,GB-AGB,ARL,Argyllshire,print_native
658688,argyllshireadvertiser.co.uk,Argyllshire Advertiser,http://www.argyllshireadvertiser.co.uk/,online_news,35,GBR,GB-AGB,ARL,Argyllshire,print_native
658689,buteman.co.uk,Buteman,http://www.buteman.co.uk/,online_news,,GBR,GB-AGB,ARL,Argyllshire,print_native
658690,alloaadvertiser.com,Alloa and Hillfoots Advertiser,http://www.alloaadvertiser.com/,online_news,49,GBR,GB-CLK,CLK,Clackmannanshire,print_native
658691,eladvertiser.co.uk,Eskdale and Liddesdale Advertiser,http://www.eladvertiser.co.uk/,online_news,,GBR,GB-DGY,DGY,Dumfries and Galloway,print_native
658693,cumnockchronicle.com,Cumnock Chronicle,http://www.cumnockchronicle.com/,online_news,55,GBR,GB-EAY,EAY,ERROR,print_native
658694,eastlothiannews.co.uk,East Lothian News,http://www.eastlothiannews.co.uk/,online_news,,GBR,GB-ELN,ELN,East Lothian,print_native
537999,ross-shirejournal.co.uk,ross-shirejournal.co.uk,http://ross-shirejournal.co.uk/,online_news,102,,,,,
240761,northern-times.co.uk,northern-times.co.uk,http://northern-times.co.uk/,online_news,97,,,,,
731143,strathspey-herald.co.uk,strathspey-herald.co.uk,http://strathspey-herald.co.uk/,online_news,51,,,,,
537908,highland-news.co.uk,highland-news.co.uk,http://highland-news.co.uk/,online_news,104,,,,,
537986,inverness-courier.co.uk,inverness-courier.co.uk,http://inverness-courier.co.uk/,online_news,65,,,,,
1478383,northern-scot.co.uk,northern-scot.co.uk,http://northern-scot.co.uk/,online_news,77,,,,,
1552697,forres-gazette.co.uk,forres-gazette.co.uk,http://forres-gazette.co.uk/,online_news,41,,,,,
658705,ardrossanherald.com,Ardrossan and Saltcoats Herald,http://www.ardrossanherald.com/,online_news,68,GBR,GB-NAY,AYR,Ayrshire,print_native
658706,arranbanner.co.uk,Arran Banner,http://www.arranbanner.co.uk/,online_news,12,GBR,GB-NAY,AYR,Ayrshire,print_native
658708,irvinetimes.com,Irvine Times,http://www.irvinetimes.com/,online_news,55,GBR,GB-NAY,AYR,Ayrshire,print_native
658709,cumbernauld-news.co.uk,Cumbernauld News,http://www.cumbernauld-news.co.uk/,online_news,6,GBR,GB-NLK,NLK,ERROR,print_native
658712,shetland-news.co.uk,Shetland News,http://www.shetland-news.co.uk/,online_news,,GBR,GB-ZET,ZET,ERROR,digital_native
658713,ayradvertiser.com,Ayr Advertiser,http://www.ayradvertiser.com/,online_news,64,GBR,GB-SAY,SAY,ERROR,print_native
658715,linlithgowgazette.co.uk,Linlithgow Gazette,http://www.linlithgowgazette.co.uk/,online_news,412,GBR,GB-WLN,WLN,West Lothian,print_native
658719,arguslite.co.uk,Argus Lite,http://www.arguslite.co.uk/,online_news,0,GBR,GB-BNH,BNH,Brighton,print_native
658720,altonherald.com,Alton Herald,http://www.altonherald.com/,online_news,107,GBR,GB-HAM,HAM,Hampshire,print_native
658721,altonpostgazette.co.uk,Alton Post Gazette,http://www.altonpostgazette.co.uk/,online_news,,GBR,GB-HAM,HAM,Hampshire,print_native
658723,bordonherald.com,Bordon Herald,http://www.bordonherald.com/,online_news,109,GBR,GB-HAM,HAM,Hampshire,print_native
658724,petersfieldherald.com,Petersfield Herald,http://www.petersfieldherald.com/,online_news,0,GBR,GB-HAM,HAM,Hampshire,print_native
658725,petersfieldmessenger.com,Petersfield Messenger,http://www.petersfieldmessenger.com/,online_news,98,GBR,GB-HAM,HAM,Hampshire,print_native
658729,bicesteradvertiser.net,Bicester Advertiser,http://www.bicesteradvertiser.net/,online_news,91,GBR,GB-OXF,OXF,Oxfordshire,print_native
658731,thametoday.co.uk,Thame Gazette,http://www.thametoday.co.uk/,online_news,,GBR,GB-OXF,OXF,Oxfordshire,print_native
658734,witneygazette.co.uk,Witney Gazette,http://www.witneygazette.co.uk/,online_news,104,GBR,GB-OXF,OXF,Oxfordshire,print_native
658735,farnhamherald.com,Farnham Herald,http://www.farnhamherald.com/,online_news,102,GBR,GB-SRY,SRY,Surrey,print_native
658736,surreyandhantsnews.com,Surrey and Hants News,http://www.surreyandhantsnews.com/,online_news,,GBR,GB-SRY,SRY,Surrey,print_native
658738,haslemereherald.com,Haslemere Herald,http://www.haslemereherald.com/,online_news,104,GBR,GB-SRY,SRY,Surrey,print_native
658739,crawleyobserver.co.uk,Crawley Observer,http://www.crawleyobserver.co.uk/,online_news,107,GBR,GB-WSX,WSX,ERROR,print_native
658740,eastgrinsteadcourier.co.uk,East Grinstead Courier,http://www.eastgrinsteadcourier.co.uk/,online_news,,GBR,GB-WSX,WSX,ERROR,print_native
658741,midhurstandpetworth.co.uk,Midhurst Observer,http://www.midhurstandpetworth.co.uk/,online_news,45,GBR,GB-WSX,WSX,ERROR,print_native
658742,bude-today.co.uk,Bude and Stratton Post,http://www.bude-today.co.uk/,online_news,76,GBR,GB-CON,CON,Cornwall,print_native
511800,falmouthpacket.co.uk,falmouthpacket.co.uk,http://falmouthpacket.co.uk/,online_news,41,,,,,
658746,devon24.co.uk,Devon 24,http://www.devon24.co.uk/home,online_news,,GBR,GB-DEV,DEV,Devon,digital_native
658747,exmouthherald.co.uk,Exmouth Herald,http://www.exmouthherald.co.uk/,online_news,,GBR,GB-DEV,DEV,Devon,print_native
658748,midweekherald.co.uk,Midweek Herald,http://www.midweekherald.co.uk/,online_news,,GBR,GB-DEV,DEV,Devon,print_native
658749,okehampton-today.co.uk,Okehampton Times,http://www.okehampton-today.co.uk/,online_news,71,GBR,GB-DEV,DEV,Devon,print_native
658750,tavistock-today.co.uk,Tavistock Times Gazette,http://www.tavistock-today.co.uk/,online_news,96,GBR,GB-DEV,DEV,Devon,print_native
658751,bridportnews.co.uk,Bridport News,http://www.bridportnews.co.uk/,online_news,85,GBR,GB-DOR,DOR,Dorset,print_native
658755,swindon-business.net,Swindon Business News,http://swindon-business.net/,online_news,0,GBR,GB-SWD,SWD,ERROR,print_native
658763,northwalespioneer.co.uk,North Wales Pioneer,http://www.northwalespioneer.co.uk/,online_news,,GBR,GB-CWY,CWY,ERROR,print_native
658769,brecon-radnor-today.co.uk,Brecon and Radnor Express,http://www.brecon-radnor-today.co.uk/,online_news,46,GBR,GB-POW,POW,Powys,print_native
658774,herefordtimes.com,Hereford Times,http://www.herefordtimes.com/,online_news,144,GBR,GB-HEF,HEF,Herefordshire,print_native
658775,ross-today.co.uk,Ross Gazette,http://www.ross-today.co.uk/,online_news,46,GBR,GB-HEF,HEF,Herefordshire,print_native
658776,tamworthherald.co.uk,Tamworth Herald,http://www.tamworthherald.co.uk/,online_news,0,GBR,GB-STS,STS,Staffordshire,print_native
658777,uttoxeter-news.co.uk,Uttoxeter Advertiser,http://www.uttoxeter-news.co.uk/,online_news,0,GBR,GB-STS,STS,Staffordshire,print_native
658778,kenilworthweeklynews.co.uk,Kenilworth Weekly News,http://www.kenilworthweeklynews.co.uk/,online_news,84,GBR,GB-WAR,WAR,Warwickshire,print_native
658779,rugbyadvertiser.co.uk,Rugby Advertiser,http://www.rugbyadvertiser.co.uk/,online_news,112,GBR,GB-WAR,WAR,Warwickshire,print_native
658780,coventryobserver.co.uk,Coventry Observer,http://www.coventryobserver.co.uk/,online_news,2,GBR,GB-WAR,WAR,Warwickshire,print_native
658781,halesowennews.co.uk,Halesowen News,http://www.halesowennews.co.uk/,online_news,35,GBR,GB-WAR,WAR,Warwickshire,print_native
658782,solihullnews.net,Solihull News,http://www.solihullnews.net/,online_news,6,GBR,GB-WAR,WAR,Warwickshire,print_native
658783,solihullobserver.co.uk,Solihull Observer,http://www.solihullobserver.co.uk/,online_news,89,GBR,GB-WAR,WAR,Warwickshire,print_native
658785,worcesterobserver.co.uk,Worcester Observer,http://worcesterobserver.co.uk/,online_news,64,GBR,GB-WOR,WOR,Worcestershire,print_native
658787,pocklingtonpost.co.uk,Pocklington Post,http://www.pocklingtonpost.co.uk/,online_news,211,GBR,GB-ERY,ERY,East Riding of Yorkshire,print_native
658788,scunthorpetelegraph.co.uk,Scunthorpe Telegraph,http://www.scunthorpetelegraph.co.uk/,online_news,1,GBR,GB-NLN,NLN,ERROR,print_native
658790,northyorkshireadvertiser.co.uk,North Yorkshire Advertiser,http://www.northyorkshireadvertiser.co.uk/,online_news,8,GBR,GB-NYK,NYK,North Yorkshire,print_native
658791,northyorkshirenews.com,North Yorkshire News,http://www.northyorkshirenews.com/,online_news,,GBR,GB-NYK,NYK,North Yorkshire,print_native
658793,ripongazette.co.uk,Ripon Gazette,http://www.ripongazette.co.uk/,online_news,123,GBR,GB-NYK,NYK,North Yorkshire,print_native
658794,bayfair.co.uk,Bayfair,http://www.bayfair.co.uk/,online_news,,GBR,GB-NYK,NYK,North Yorkshire,print_native
658795,cravenherald.co.uk,Craven Herald and Pioneer,http://www.cravenherald.co.uk/,online_news,111,GBR,GB-NYK,NYK,North Yorkshire,print_native
658796,thirskweeklynews.com,Thirsk Weekly News,http://www.thirskweeklynews.com/,online_news,,GBR,GB-NYK,NYK,North Yorkshire,print_native
